Datetime,Water Level (m)
2026-09-08 12:00:00,-0.52486867
2026-09-08 13:00:00,0.21512638
2026-09-08 14:00:00,0.88866204
2026-09-08 15:00:00,1.372583
2026-09-08 16:00:00,1.5246285
2026-09-08 17:00:00,1.4786782
2026-09-08 18:00:00,1.1022546
2026-09-08 19:00:00,0.5058615
2026-09-08 20:00:00,-0.07927167
2026-09-08 21:00:00,-0.5326133
2026-09-08 22:00:00,-0.8661574
2026-09-08 23:00:00,-1.0194423
2026-09-09 00:00:00,-0.68410534
2026-09-09 01:00:00,0.15736637
2026-09-09 02:00:00,0.9351575
2026-09-09 03:00:00,1.4759835
2026-09-09 04:00:00,1.7383845
2026-09-09 05:00:00,1.7727528
2026-09-09 06:00:00,1.5459775
2026-09-09 07:00:00,0.9991655
2026-09-09 08:00:00,0.37239274
2026-09-09 09:00:00,-0.18280937
2026-09-09 10:00:00,-0.6277382
2026-09-09 11:00:00,-0.9393192
2026-09-09 12:00:00,-1.0352684
2026-09-09 13:00:00,-0.5229767
2026-09-09 14:00:00,0.389612
2026-09-09 15:00:00,1.1331968
2026-09-09 16:00:00,1.5822934
2026-09-09 17:00:00,1.7777201
2026-09-09 18:00:00,1.6381505
2026-09-09 19:00:00,1.1176991
2026-09-09 20:00:00,0.45956558
2026-09-09 21:00:00,-0.12929693
2026-09-09 22:00:00,-0.6094845
2026-09-09 23:00:00,-0.955326
2026-09-10 00:00:00,-1.0961914
2026-09-10 01:00:00,-0.67576665
2026-09-10 02:00:00,0.26488334
2026-09-10 03:00:00,1.1068532
2026-09-10 04:00:00,1.6600093
2026-09-10 05:00:00,1.9477315
2026-09-10 06:00:00,1.9311421
2026-09-10 07:00:00,1.5837628
2026-09-10 08:00:00,0.9268647
2026-09-10 09:00:00,0.27056205
2026-09-10 10:00:00,-0.30024928
2026-09-10 11:00:00,-0.738847
2026-09-10 12:00:00,-1.0412556
2026-09-10 13:00:00,-1.0098339
2026-09-10 14:00:00,-0.23608522
2026-09-10 15:00:00,0.7042673
2026-09-10 16:00:00,1.4445896
2026-09-10 17:00:00,1.8095644
2026-09-10 18:00:00,1.9274721
2026-09-10 19:00:00,1.6866803
2026-09-10 20:00:00,1.0637996
2026-09-10 21:00:00,0.3738233
2026-09-10 22:00:00,-0.22512907
2026-09-10 23:00:00,-0.7079353
2026-09-11 00:00:00,-1.0471067
2026-09-11 01:00:00,-1.1063464
2026-09-11 02:00:00,-0.44363955
2026-09-11 03:00:00,0.54427946
2026-09-11 04:00:00,1.3555433
2026-09-11 05:00:00,1.8439229
2026-09-11 06:00:00,2.055589
2026-09-11 07:00:00,1.946966
2026-09-11 08:00:00,1.4073588
2026-09-11 09:00:00,0.7101043
2026-09-11 10:00:00,0.08268709
2026-09-11 11:00:00,-0.40636528
2026-09-11 12:00:00,-0.8763571
2026-09-11 13:00:00,-1.1284158
2026-09-11 14:00:00,-0.8546277
2026-09-11 15:00:00,0.12214487
2026-09-11 16:00:00,1.0422544
2026-09-11 17:00:00,1.6313806
2026-09-11 18:00:00,1.9793903
2026-09-11 19:00:00,1.9979583
2026-09-11 20:00:00,1.6026105
2026-09-11 21:00:00,0.92555064
2026-09-11 22:00:00,0.2696922
2026-09-11 23:00:00,-0.2897657
2026-09-12 00:00:00,-0.7530365
2026-09-12 01:00:00,-1.086402
2026-09-12 02:00:00,-0.9962591
2026-09-12 03:00:00,-0.10949541
2026-09-12 04:00:00,0.8779314
2026-09-12 05:00:00,1.5627264
2026-09-12 06:00:00,1.9775053
2026-09-12 07:00:00,2.0660622
2026-09-12 08:00:00,1.7568103
2026-09-12 09:00:00,1.0934652
2026-09-12 10:00:00,0.42056602
2026-09-12 11:00:00,-0.15736714
2026-09-12 12:00:00,-0.60420537
2026-09-12 13:00:00,-1.0246397
2026-09-12 14:00:00,-1.1495584
2026-09-12 15:00:00,-0.50602514
2026-09-12 16:00:00,0.5111983
2026-09-12 17:00:00,1.352334
2026-09-12 18:00:00,1.8560385
2026-09-12 19:00:00,2.0372677
2026-09-12 20:00:00,1.8763872
2026-09-12 21:00:00,1.2850585
2026-09-12 22:00:00,0.57291365
2026-09-12 23:00:00,-0.005892087
2026-09-13 00:00:00,-0.473175
2026-09-13 01:00:00,-0.91990674
2026-09-13 02:00:00,-1.1466533
2026-09-13 03:00:00,-0.7463362
2026-09-13 04:00:00,0.25536767
2026-09-13 05:00:00,1.1235245
2026-09-13 06:00:00,1.6925884
2026-09-13 07:00:00,1.9607793
2026-09-13 08:00:00,1.8725374
2026-09-13 09:00:00,1.341867
2026-09-13 10:00:00,0.64814097
2026-09-13 11:00:00,0.039423086
2026-09-13 12:00:00,-0.42818183
2026-09-13 13:00:00,-0.83527297
2026-09-13 14:00:00,-1.1576784
2026-09-13 15:00:00,-0.9482369
2026-09-13 16:00:00,-0.005926304
2026-09-13 17:00:00,0.9070898
2026-09-13 18:00:00,1.5503305
2026-09-13 19:00:00,1.9229642
2026-09-13 20:00:00,1.9534013
2026-09-13 21:00:00,1.5723897
2026-09-13 22:00:00,0.9149802
2026-09-13 23:00:00,0.2753667
2026-09-14 00:00:00,-0.2641814
2026-09-14 01:00:00,-0.6613153
2026-09-14 02:00:00,-1.0235119
2026-09-14 03:00:00,-1.0254366
2026-09-14 04:00:00,-0.23190255
2026-09-14 05:00:00,0.6881442
2026-09-14 06:00:00,1.4174381
2026-09-14 07:00:00,1.7962801
2026-09-14 08:00:00,1.8620137
2026-09-14 09:00:00,1.5384271
2026-09-14 10:00:00,0.9095621
2026-09-14 11:00:00,0.28373373
2026-09-14 12:00:00,-0.25116843
